round_epochs,loss,auc,val_loss,val_auc,first_neuron,second_neuron,activation,last_activation,batch_size,epochs,dropout,lr,early_stopping
12,0.001419238862581551,0.9999999403953552,1.2327563762664795,0.7821500301361084,500,250,relu,sigmoid,32,50,0.2,0.001,<keras.callbacks.EarlyStopping object at 0x2b76a2879048>
12,0.09830483794212341,0.9932411909103394,1.893093466758728,0.7111499905586243,1000,650,relu,sigmoid,32,50,0.2,0.001,<keras.callbacks.EarlyStopping object at 0x2b76a2879048>
15,0.002744703320786357,1.0,1.5587167739868164,0.7491999864578247,500,300,relu,sigmoid,32,50,0.2,0.001,<keras.callbacks.EarlyStopping object at 0x2b76a2879048>
14,0.00033800789969973266,1.0,1.708304762840271,0.7474501132965088,750,1000,relu,sigmoid,32,50,0.2,0.001,<keras.callbacks.EarlyStopping object at 0x2b76a2879048>
14,0.0006077312282286584,1.0,1.513242483139038,0.764549970626831,500,750,relu,sigmoid,32,50,0.2,0.001,<keras.callbacks.EarlyStopping object at 0x2b76a2879048>
16,0.0008184327743947506,0.9999999403953552,1.3870903253555298,0.7692999839782715,750,250,relu,sigmoid,32,50,0.2,0.001,<keras.callbacks.EarlyStopping object at 0x2b76a2879048>
16,0.001050312421284616,1.0,1.3282619714736938,0.7819000482559204,500,100,relu,sigmoid,32,50,0.2,0.001,<keras.callbacks.EarlyStopping object at 0x2b76a2879048>
14,0.000990582862868905,1.0,1.3857359886169434,0.7629500031471252,750,100,relu,sigmoid,32,50,0.2,0.001,<keras.callbacks.EarlyStopping object at 0x2b76a2879048>
