round_epochs,loss,auc,val_loss,val_auc,first_neuron,second_neuron,activation,last_activation,batch_size,epochs,dropout,lr,early_stopping
33,0.00028167685377411544,0.9999999403953552,2.1622767448425293,0.7728000283241272,1000,900,relu,sigmoid,32,50,0.2,0.001,<keras.callbacks.EarlyStopping object at 0x2b76a2879048>
15,0.001143016736023128,1.0,1.3413859605789185,0.7711499929428101,500,100,relu,sigmoid,32,50,0.2,0.001,<keras.callbacks.EarlyStopping object at 0x2b76a2879048>
15,0.04959815740585327,0.998740553855896,1.7555640935897827,0.7245500087738037,1000,650,relu,sigmoid,32,50,0.2,0.001,<keras.callbacks.EarlyStopping object at 0x2b76a2879048>
13,0.0005348889972083271,0.9999999403953552,1.7362802028656006,0.7384001016616821,1000,750,relu,sigmoid,32,50,0.2,0.001,<keras.callbacks.EarlyStopping object at 0x2b76a2879048>
12,0.0006306680734269321,0.9999999403953552,1.6271908283233643,0.7656000256538391,750,1000,relu,sigmoid,32,50,0.2,0.001,<keras.callbacks.EarlyStopping object at 0x2b76a2879048>
12,0.0005713729769922793,1.0,1.5519006252288818,0.758650004863739,1000,1000,relu,sigmoid,32,50,0.2,0.001,<keras.callbacks.EarlyStopping object at 0x2b76a2879048>
14,0.0009692155872471631,0.9999999403953552,1.2945637702941895,0.7655500173568726,1000,150,relu,sigmoid,32,50,0.2,0.001,<keras.callbacks.EarlyStopping object at 0x2b76a2879048>
