round_epochs,loss,auc,val_loss,val_auc,first_neuron,second_neuron,activation,last_activation,batch_size,epochs,dropout,lr,early_stopping
15,0.0009851226350292563,0.9999999403953552,1.5471580028533936,0.7598000168800354,500,300,relu,sigmoid,32,50,0.2,0.001,<keras.callbacks.EarlyStopping object at 0x2b76a2879048>
12,0.0007855842704884708,0.9999999403953552,1.3390305042266846,0.7618499994277954,1000,250,relu,sigmoid,32,50,0.2,0.001,<keras.callbacks.EarlyStopping object at 0x2b76a2879048>
17,0.0004435549781192094,0.9999999403953552,1.388593316078186,0.7814500331878662,1000,300,relu,sigmoid,32,50,0.2,0.001,<keras.callbacks.EarlyStopping object at 0x2b76a2879048>
13,0.0004292279772926122,1.0,1.5358983278274536,0.7527999877929688,1000,1000,relu,sigmoid,32,50,0.2,0.001,<keras.callbacks.EarlyStopping object at 0x2b76a2879048>
