round_epochs,loss,auc,val_loss,val_auc,first_neuron,second_neuron,activation,last_activation,batch_size,epochs,dropout,lr,early_stopping
12,0.011238489300012589,0.9999026656150818,1.7372933626174927,0.7562499046325684,500,1000,relu,sigmoid,32,50,0.2,0.001,<keras.callbacks.EarlyStopping object at 0x2b76a2879048>
11,0.0013270118506625295,1.0,1.3506132364273071,0.7561999559402466,750,200,relu,sigmoid,32,50,0.2,0.001,<keras.callbacks.EarlyStopping object at 0x2b76a2879048>
15,0.00033803953556343913,1.0,1.6012587547302246,0.7548999786376953,750,750,relu,sigmoid,32,50,0.2,0.001,<keras.callbacks.EarlyStopping object at 0x2b76a2879048>
13,0.07895991951227188,0.9954240322113037,2.7528886795043945,0.6976499557495117,750,900,relu,sigmoid,32,50,0.2,0.001,<keras.callbacks.EarlyStopping object at 0x2b76a2879048>
13,0.0004727724881377071,1.0,1.6039674282073975,0.765250027179718,750,650,relu,sigmoid,32,50,0.2,0.001,<keras.callbacks.EarlyStopping object at 0x2b76a2879048>
12,0.07053551822900772,0.9963819980621338,1.328851580619812,0.7725499868392944,1000,1000,relu,sigmoid,32,50,0.2,0.001,<keras.callbacks.EarlyStopping object at 0x2b76a2879048>
