round_epochs,loss,auc,val_loss,val_auc,first_neuron,second_neuron,activation,last_activation,batch_size,epochs,dropout,lr,early_stopping
17,0.0009485477348789573,1.0,1.3191733360290527,0.78534996509552,750,150,relu,sigmoid,32,50,0.2,0.001,<keras.callbacks.EarlyStopping object at 0x2b76a2879048>
17,0.00031091083656065166,1.0,1.9523581266403198,0.7539499402046204,750,1000,relu,sigmoid,32,50,0.2,0.001,<keras.callbacks.EarlyStopping object at 0x2b76a2879048>
13,0.001089676981791854,1.0,1.4748481512069702,0.7673500180244446,500,300,relu,sigmoid,32,50,0.2,0.001,<keras.callbacks.EarlyStopping object at 0x2b76a2879048>
16,0.00023358211910817772,1.0,1.7989966869354248,0.7582999467849731,1000,650,relu,sigmoid,32,50,0.2,0.001,<keras.callbacks.EarlyStopping object at 0x2b76a2879048>
17,0.0008077784441411495,0.9999999403953552,1.3305631875991821,0.7634000182151794,500,100,relu,sigmoid,32,50,0.2,0.001,<keras.callbacks.EarlyStopping object at 0x2b76a2879048>
11,0.0017078667879104614,1.0,1.1369733810424805,0.7904000282287598,750,100,relu,sigmoid,32,50,0.2,0.001,<keras.callbacks.EarlyStopping object at 0x2b76a2879048>
14,0.09103518724441528,0.9952418804168701,1.6027755737304688,0.7580499649047852,500,500,relu,sigmoid,32,50,0.2,0.001,<keras.callbacks.EarlyStopping object at 0x2b76a2879048>
18,0.0007254717056639493,1.0,1.4441781044006348,0.7623499631881714,500,200,relu,sigmoid,32,50,0.2,0.001,<keras.callbacks.EarlyStopping object at 0x2b76a2879048>
