round_epochs,loss,auc,val_loss,val_auc,first_neuron,second_neuron,activation,last_activation,batch_size,epochs,dropout,lr,early_stopping
14,0.0006923381006345153,1.0,1.4336862564086914,0.7650500535964966,1000,250,relu,sigmoid,32,50,0.2,0.001,<keras.callbacks.EarlyStopping object at 0x2b76a2879048>
12,0.19473765790462494,0.9811025261878967,1.9603806734085083,0.755850076675415,1000,650,relu,sigmoid,32,50,0.2,0.001,<keras.callbacks.EarlyStopping object at 0x2b76a2879048>
14,0.001179388607852161,1.0,1.2736690044403076,0.7823500037193298,500,150,relu,sigmoid,32,50,0.2,0.001,<keras.callbacks.EarlyStopping object at 0x2b76a2879048>
15,0.019117113202810287,0.9996482729911804,1.464857578277588,0.7774500250816345,1000,900,relu,sigmoid,32,50,0.2,0.001,<keras.callbacks.EarlyStopping object at 0x2b76a2879048>
22,0.0003114868013653904,1.0,2.0167014598846436,0.7590500116348267,750,750,relu,sigmoid,32,50,0.2,0.001,<keras.callbacks.EarlyStopping object at 0x2b76a2879048>
15,0.0009091687970794737,0.9999999403953552,1.2585819959640503,0.7816500663757324,750,150,relu,sigmoid,32,50,0.2,0.001,<keras.callbacks.EarlyStopping object at 0x2b76a2879048>
