round_epochs,loss,auc,val_loss,val_auc,first_neuron,second_neuron,activation,last_activation,batch_size,epochs,dropout,lr,early_stopping
11,0.11747266352176666,0.9910238981246948,1.68798828125,0.7609499096870422,500,900,relu,sigmoid,32,50,0.2,0.001,<keras.callbacks.EarlyStopping object at 0x2b76a2879048>
15,0.0005258250166662037,0.9999999403953552,1.5410031080245972,0.7625499963760376,750,900,relu,sigmoid,32,50,0.2,0.001,<keras.callbacks.EarlyStopping object at 0x2b76a2879048>
13,0.001733358483761549,0.9999999403953552,1.3358969688415527,0.7745999693870544,500,100,relu,sigmoid,32,50,0.2,0.001,<keras.callbacks.EarlyStopping object at 0x2b76a2879048>
21,0.00021673609444405884,1.0,1.723201036453247,0.7605500221252441,750,750,relu,sigmoid,32,50,0.2,0.001,<keras.callbacks.EarlyStopping object at 0x2b76a2879048>
14,0.001268018502742052,0.9999999403953552,1.3533357381820679,0.770550012588501,500,200,relu,sigmoid,32,50,0.2,0.001,<keras.callbacks.EarlyStopping object at 0x2b76a2879048>
13,0.10690145194530487,0.992459237575531,1.2148921489715576,0.7584999799728394,1000,650,relu,sigmoid,32,50,0.2,0.001,<keras.callbacks.EarlyStopping object at 0x2b76a2879048>
