round_epochs,loss,auc,val_loss,val_auc,first_neuron,second_neuron,activation,last_activation,batch_size,epochs,dropout,lr,early_stopping
13,0.0006303043337538838,1.0,1.500624418258667,0.7684500217437744,750,750,relu,sigmoid,32,50,0.2,0.001,<keras.callbacks.EarlyStopping object at 0x2b76a2879048>
15,0.0006416706601157784,1.0,1.36724853515625,0.7708001136779785,1000,150,relu,sigmoid,32,50,0.2,0.001,<keras.callbacks.EarlyStopping object at 0x2b76a2879048>
12,0.03370201215147972,0.9992493391036987,2.086326837539673,0.7389499545097351,500,750,relu,sigmoid,32,50,0.2,0.001,<keras.callbacks.EarlyStopping object at 0x2b76a2879048>
15,0.000319675134960562,1.0,1.694381833076477,0.75409996509552,750,1000,relu,sigmoid,32,50,0.2,0.001,<keras.callbacks.EarlyStopping object at 0x2b76a2879048>
16,0.008643725886940956,0.9999685883522034,1.648422122001648,0.775700032711029,500,250,relu,sigmoid,32,50,0.2,0.001,<keras.callbacks.EarlyStopping object at 0x2b76a2879048>
14,0.01173268910497427,0.9999340772628784,1.8909056186676025,0.7375500202178955,750,900,relu,sigmoid,32,50,0.2,0.001,<keras.callbacks.EarlyStopping object at 0x2b76a2879048>
11,0.011654551140964031,0.9999999403953552,1.3857265710830688,0.791100025177002,500,500,relu,sigmoid,32,50,0.2,0.001,<keras.callbacks.EarlyStopping object at 0x2b76a2879048>
12,0.0013140324736014009,1.0,1.3574256896972656,0.7714499831199646,1000,100,relu,sigmoid,32,50,0.2,0.001,<keras.callbacks.EarlyStopping object at 0x2b76a2879048>
