round_epochs,loss,auc,val_loss,val_auc,first_neuron,second_neuron,activation,last_activation,batch_size,epochs,dropout,lr,early_stopping
13,0.001153705408796668,1.0,1.3400769233703613,0.770300030708313,750,150,relu,sigmoid,32,50,0.2,0.001,<keras.callbacks.EarlyStopping object at 0x2b76a2879048>
15,0.00046884105540812016,1.0,1.6480783224105835,0.7513500452041626,1000,300,relu,sigmoid,32,50,0.2,0.001,<keras.callbacks.EarlyStopping object at 0x2b76a2879048>
14,0.0005625365884043276,0.9999999403953552,1.6587215662002563,0.7510499954223633,500,900,relu,sigmoid,32,50,0.2,0.001,<keras.callbacks.EarlyStopping object at 0x2b76a2879048>
13,0.05078936740756035,0.998115599155426,1.5234700441360474,0.7628999948501587,500,1000,relu,sigmoid,32,50,0.2,0.001,<keras.callbacks.EarlyStopping object at 0x2b76a2879048>
14,0.13178150355815887,0.988385796546936,1.6518303155899048,0.6991000175476074,750,650,relu,sigmoid,32,50,0.2,0.001,<keras.callbacks.EarlyStopping object at 0x2b76a2879048>
16,0.00029237387934699655,1.0,1.8807439804077148,0.7410500049591064,1000,650,relu,sigmoid,32,50,0.2,0.001,<keras.callbacks.EarlyStopping object at 0x2b76a2879048>
14,0.0007898636977188289,1.0,1.3837960958480835,0.773300051689148,500,300,relu,sigmoid,32,50,0.2,0.001,<keras.callbacks.EarlyStopping object at 0x2b76a2879048>
13,0.000899865641258657,0.9999999403953552,1.3552253246307373,0.7671500444412231,1000,150,relu,sigmoid,32,50,0.2,0.001,<keras.callbacks.EarlyStopping object at 0x2b76a2879048>
13,0.03624409809708595,0.9992619752883911,1.6871154308319092,0.7667500376701355,750,750,relu,sigmoid,32,50,0.2,0.001,<keras.callbacks.EarlyStopping object at 0x2b76a2879048>
