round_epochs,loss,auc,val_loss,val_auc,first_neuron,second_neuron,activation,last_activation,batch_size,epochs,dropout,lr,early_stopping
16,0.0008941646665334702,1.0,2870790586368.0,0.6474000215530396,1000,500,relu,sigmoid,32,50,0.2,0.001,<keras.callbacks.EarlyStopping object at 0x2ad37e0b40f0>
21,0.0023410660214722157,1.0,1585721769984.0,0.6545000076293945,1000,900,relu,sigmoid,32,50,0.2,0.001,<keras.callbacks.EarlyStopping object at 0x2ad37e0b40f0>
11,0.08426547795534134,0.9952231049537659,251870347264.0,0.618399977684021,750,200,relu,sigmoid,32,50,0.2,0.001,<keras.callbacks.EarlyStopping object at 0x2ad37e0b40f0>
15,0.0013451791601255536,1.0,1217525710848.0,0.6561000347137451,500,750,relu,sigmoid,32,50,0.2,0.001,<keras.callbacks.EarlyStopping object at 0x2ad37e0b40f0>
20,0.0008994109812192619,1.0,3637612118016.0,0.6371000409126282,500,650,relu,sigmoid,32,50,0.2,0.001,<keras.callbacks.EarlyStopping object at 0x2ad37e0b40f0>
21,0.0007049748091958463,0.9999999403953552,3611693154304.0,0.6594999432563782,750,150,relu,sigmoid,32,50,0.2,0.001,<keras.callbacks.EarlyStopping object at 0x2ad37e0b40f0>
11,0.1293727457523346,0.987132728099823,2.512404203414917,0.6405500173568726,750,250,relu,sigmoid,32,50,0.2,0.001,<keras.callbacks.EarlyStopping object at 0x2ad37e0b40f0>
