round_epochs,loss,auc,val_loss,val_auc,first_neuron,second_neuron,activation,last_activation,batch_size,epochs,dropout,lr,early_stopping
16,0.011990046128630638,0.9999215006828308,2.552640676498413,0.7317000031471252,1000,650,relu,sigmoid,32,50,0.2,0.001,<keras.callbacks.EarlyStopping object at 0x2b76a2879048>
15,0.0007503019296564162,0.9999999403953552,1.7142294645309448,0.7424999475479126,500,650,relu,sigmoid,32,50,0.2,0.001,<keras.callbacks.EarlyStopping object at 0x2b76a2879048>
20,0.0008674715645611286,1.0,1.9374767541885376,0.7456499934196472,500,750,relu,sigmoid,32,50,0.2,0.001,<keras.callbacks.EarlyStopping object at 0x2b76a2879048>
13,0.0008623851463198662,0.9999999403953552,1.4426591396331787,0.7720500230789185,750,200,relu,sigmoid,32,50,0.2,0.001,<keras.callbacks.EarlyStopping object at 0x2b76a2879048>
14,0.0006581531488336623,1.0,1.6283059120178223,0.7646999955177307,750,900,relu,sigmoid,32,50,0.2,0.001,<keras.callbacks.EarlyStopping object at 0x2b76a2879048>
15,0.0007074303575791419,0.9999999403953552,1.2995375394821167,0.7820999622344971,1000,250,relu,sigmoid,32,50,0.2,0.001,<keras.callbacks.EarlyStopping object at 0x2b76a2879048>
11,0.001449338742531836,1.0,1.123779535293579,0.7919000387191772,1000,100,relu,sigmoid,32,50,0.2,0.001,<keras.callbacks.EarlyStopping object at 0x2b76a2879048>
