round_epochs,loss,auc,val_loss,val_auc,first_neuron,second_neuron,activation,last_activation,batch_size,epochs,dropout,lr,early_stopping
16,0.0005008462467230856,0.9999999403953552,1.5795499086380005,0.7718999981880188,500,500,relu,sigmoid,32,50,0.2,0.001,<keras.callbacks.EarlyStopping object at 0x2b76a2879048>
14,0.0007433927385136485,0.9999999403953552,1.3681837320327759,0.7688000202178955,1000,150,relu,sigmoid,32,50,0.2,0.001,<keras.callbacks.EarlyStopping object at 0x2b76a2879048>
12,0.006881728768348694,0.9999937415122986,1.9965910911560059,0.7281500101089478,500,900,relu,sigmoid,32,50,0.2,0.001,<keras.callbacks.EarlyStopping object at 0x2b76a2879048>
15,0.0007497604819945991,1.0,1.3979859352111816,0.7706499695777893,750,150,relu,sigmoid,32,50,0.2,0.001,<keras.callbacks.EarlyStopping object at 0x2b76a2879048>
19,0.0005436934297904372,1.0,1.3146899938583374,0.7825999855995178,1000,100,relu,sigmoid,32,50,0.2,0.001,<keras.callbacks.EarlyStopping object at 0x2b76a2879048>
