round_epochs,loss,auc,val_loss,val_auc,first_neuron,second_neuron,activation,last_activation,batch_size,epochs,dropout,lr,early_stopping
13,0.0008952679927460849,1.0,1.3983864784240723,0.7641000151634216,500,200,relu,sigmoid,32,50,0.2,0.001,<keras.callbacks.EarlyStopping object at 0x2b76a2879048>
18,0.0003407298063393682,1.0,1.5326778888702393,0.7681499719619751,750,650,relu,sigmoid,32,50,0.2,0.001,<keras.callbacks.EarlyStopping object at 0x2b76a2879048>
12,0.0014253242406994104,1.0,1.5239259004592896,0.756850004196167,500,750,relu,sigmoid,32,50,0.2,0.001,<keras.callbacks.EarlyStopping object at 0x2b76a2879048>
12,0.03086896799504757,0.9994503855705261,1.8995347023010254,0.7523999214172363,500,900,relu,sigmoid,32,50,0.2,0.001,<keras.callbacks.EarlyStopping object at 0x2b76a2879048>
15,0.00039645368815399706,1.0,1.5835903882980347,0.7648500204086304,750,500,relu,sigmoid,32,50,0.2,0.001,<keras.callbacks.EarlyStopping object at 0x2b76a2879048>
20,0.00040759617695584893,1.0,1.4416590929031372,0.7614500522613525,1000,100,relu,sigmoid,32,50,0.2,0.001,<keras.callbacks.EarlyStopping object at 0x2b76a2879048>
14,0.00039262932841666043,1.0,1.683976411819458,0.768049955368042,1000,750,relu,sigmoid,32,50,0.2,0.001,<keras.callbacks.EarlyStopping object at 0x2b76a2879048>
18,0.004878000821918249,0.9999936819076538,1.8284404277801514,0.7437499761581421,750,250,relu,sigmoid,32,50,0.2,0.001,<keras.callbacks.EarlyStopping object at 0x2b76a2879048>
14,0.0008450446766801178,0.9999999403953552,1.607641339302063,0.7639999985694885,750,300,relu,sigmoid,32,50,0.2,0.001,<keras.callbacks.EarlyStopping object at 0x2b76a2879048>
