round_epochs,loss,auc,val_loss,val_auc,first_neuron,second_neuron,activation,last_activation,batch_size,epochs,dropout,lr,early_stopping
13,0.0008295972365885973,1.0,1.3114794492721558,0.7836999893188477,750,300,relu,sigmoid,32,50,0.2,0.001,<keras.callbacks.EarlyStopping object at 0x2b76a2879048>
15,0.00056352379033342,1.0,1.349279522895813,0.7819000482559204,1000,200,relu,sigmoid,32,50,0.2,0.001,<keras.callbacks.EarlyStopping object at 0x2b76a2879048>
17,0.007994251325726509,0.9999748468399048,2.2099428176879883,0.7315499186515808,500,1000,relu,sigmoid,32,50,0.2,0.001,<keras.callbacks.EarlyStopping object at 0x2b76a2879048>
19,0.0007546781562268734,0.9999999403953552,1.8042525053024292,0.7545499801635742,500,750,relu,sigmoid,32,50,0.2,0.001,<keras.callbacks.EarlyStopping object at 0x2b76a2879048>
22,0.000913694966584444,1.0,1.4528851509094238,0.768250048160553,500,100,relu,sigmoid,32,50,0.2,0.001,<keras.callbacks.EarlyStopping object at 0x2b76a2879048>
19,0.0005322853685356677,1.0,1.5044410228729248,0.7636500000953674,750,100,relu,sigmoid,32,50,0.2,0.001,<keras.callbacks.EarlyStopping object at 0x2b76a2879048>
