round_epochs,loss,auc,val_loss,val_auc,first_neuron,second_neuron,activation,last_activation,batch_size,epochs,dropout,lr,early_stopping
15,0.00108901911880821,0.9999999403953552,1.30000901222229,0.7750000357627869,750,100,relu,sigmoid,32,50,0.2,0.001,<keras.callbacks.EarlyStopping object at 0x2b76a2879048>
13,0.0017530247569084167,0.9999999403953552,1.339738130569458,0.766450047492981,500,200,relu,sigmoid,32,50,0.2,0.001,<keras.callbacks.EarlyStopping object at 0x2b76a2879048>
11,0.02434460259974003,0.9997047781944275,2.058335304260254,0.7271999716758728,750,650,relu,sigmoid,32,50,0.2,0.001,<keras.callbacks.EarlyStopping object at 0x2b76a2879048>
16,0.0004220785922370851,1.0,1.4615087509155273,0.7722499966621399,1000,300,relu,sigmoid,32,50,0.2,0.001,<keras.callbacks.EarlyStopping object at 0x2b76a2879048>
12,0.0009821747662499547,1.0,1.2334011793136597,0.7730500102043152,750,250,relu,sigmoid,32,50,0.2,0.001,<keras.callbacks.EarlyStopping object at 0x2b76a2879048>
18,0.0006658816710114479,1.0,1.455031156539917,0.7621500492095947,1000,100,relu,sigmoid,32,50,0.2,0.001,<keras.callbacks.EarlyStopping object at 0x2b76a2879048>
12,0.03280417621135712,0.9994629621505737,2.012054681777954,0.7512000203132629,500,500,relu,sigmoid,32,50,0.2,0.001,<keras.callbacks.EarlyStopping object at 0x2b76a2879048>
