round_epochs,loss,auc,val_loss,val_auc,first_neuron,second_neuron,activation,last_activation,batch_size,epochs,dropout,lr,early_stopping
18,0.0005718956817872822,1.0,1.3154486417770386,0.7838000059127808,750,150,relu,sigmoid,32,50,0.2,0.001,<keras.callbacks.EarlyStopping object at 0x2b76a2879048>
17,0.0022253445349633694,0.9999999403953552,2.178382396697998,0.746399998664856,1000,1000,relu,sigmoid,32,50,0.2,0.001,<keras.callbacks.EarlyStopping object at 0x2b76a2879048>
25,0.00018598207680042833,1.0,2.1181228160858154,0.7196000218391418,750,1000,relu,sigmoid,32,50,0.2,0.001,<keras.callbacks.EarlyStopping object at 0x2b76a2879048>
22,0.0009265965782105923,0.9999999403953552,2.3253939151763916,0.7318500280380249,750,500,relu,sigmoid,32,50,0.2,0.001,<keras.callbacks.EarlyStopping object at 0x2b76a2879048>
14,0.06478079408407211,0.9966394901275635,2.0517945289611816,0.703499972820282,500,1000,relu,sigmoid,32,50,0.2,0.001,<keras.callbacks.EarlyStopping object at 0x2b76a2879048>
16,0.0015238032210618258,0.9999999403953552,1.678756594657898,0.7601000070571899,500,900,relu,sigmoid,32,50,0.2,0.001,<keras.callbacks.EarlyStopping object at 0x2b76a2879048>
