round_epochs,loss,auc,val_loss,val_auc,first_neuron,second_neuron,activation,last_activation,batch_size,epochs,dropout,lr,early_stopping
13,0.017460525035858154,0.9998178482055664,1.6709932088851929,0.7507500052452087,500,1000,relu,sigmoid,32,50,0.2,0.001,<keras.callbacks.EarlyStopping object at 0x2b76a2879048>
12,0.0012052103411406279,1.0,1.465053677558899,0.7423499822616577,1000,200,relu,sigmoid,32,50,0.2,0.001,<keras.callbacks.EarlyStopping object at 0x2b76a2879048>
13,0.13806308805942535,0.9891646504402161,1.5572748184204102,0.7282000184059143,750,900,relu,sigmoid,32,50,0.2,0.001,<keras.callbacks.EarlyStopping object at 0x2b76a2879048>
20,0.00031625881092622876,1.0,2.1005051136016846,0.7354499697685242,1000,650,relu,sigmoid,32,50,0.2,0.001,<keras.callbacks.EarlyStopping object at 0x2b76a2879048>
12,0.0007454350125044584,1.0,1.5486637353897095,0.7549999356269836,750,750,relu,sigmoid,32,50,0.2,0.001,<keras.callbacks.EarlyStopping object at 0x2b76a2879048>
