round_epochs,loss,auc,val_loss,val_auc,first_neuron,second_neuron,activation,last_activation,batch_size,epochs,dropout,lr,early_stopping
13,0.0008521703421138227,1.0,1.4305086135864258,0.7696500420570374,1000,200,relu,sigmoid,32,50,0.2,0.001,<keras.callbacks.EarlyStopping object at 0x2b76a2879048>
14,0.0015049934154376388,0.9999999403953552,1.481959581375122,0.7551499605178833,500,100,relu,sigmoid,32,50,0.2,0.001,<keras.callbacks.EarlyStopping object at 0x2b76a2879048>
13,0.13887067139148712,0.988341748714447,1.9027612209320068,0.7258999943733215,1000,1000,relu,sigmoid,32,50,0.2,0.001,<keras.callbacks.EarlyStopping object at 0x2b76a2879048>
13,0.000451257306849584,1.0,1.6490572690963745,0.7565999627113342,750,750,relu,sigmoid,32,50,0.2,0.001,<keras.callbacks.EarlyStopping object at 0x2b76a2879048>
13,0.00043638015631586313,0.9999999403953552,1.6605710983276367,0.7597500681877136,750,650,relu,sigmoid,32,50,0.2,0.001,<keras.callbacks.EarlyStopping object at 0x2b76a2879048>
15,0.0005068969912827015,1.0,1.5330089330673218,0.7626999616622925,750,500,relu,sigmoid,32,50,0.2,0.001,<keras.callbacks.EarlyStopping object at 0x2b76a2879048>
13,0.0008156233234331012,1.0,1.3841651678085327,0.7774499654769897,500,1000,relu,sigmoid,32,50,0.2,0.001,<keras.callbacks.EarlyStopping object at 0x2b76a2879048>
13,0.12230655550956726,0.9902544617652893,1.8539741039276123,0.7382999062538147,500,900,relu,sigmoid,32,50,0.2,0.001,<keras.callbacks.EarlyStopping object at 0x2b76a2879048>
13,0.0011373108718544245,0.9999999403953552,1.2679741382598877,0.7653000354766846,1000,100,relu,sigmoid,32,50,0.2,0.001,<keras.callbacks.EarlyStopping object at 0x2b76a2879048>
