round_epochs,loss,auc,val_loss,val_auc,first_neuron,second_neuron,activation,last_activation,batch_size,epochs,dropout,lr,early_stopping
18,0.00021789954917039722,1.0,1.8597203493118286,0.7484499216079712,750,900,relu,sigmoid,32,50,0.2,0.001,<keras.callbacks.EarlyStopping object at 0x2b76a2879048>
15,0.0013257599202916026,0.9999999403953552,1.2090626955032349,0.7906999588012695,500,100,relu,sigmoid,32,50,0.2,0.001,<keras.callbacks.EarlyStopping object at 0x2b76a2879048>
16,0.0007358985021710396,1.0,1.4171947240829468,0.7671500444412231,500,250,relu,sigmoid,32,50,0.2,0.001,<keras.callbacks.EarlyStopping object at 0x2b76a2879048>
12,0.010308313183486462,0.998706042766571,1.6643528938293457,0.7561500072479248,1000,300,relu,sigmoid,32,50,0.2,0.001,<keras.callbacks.EarlyStopping object at 0x2b76a2879048>
17,0.0005861244862899184,1.0,1.3830742835998535,0.7662500143051147,750,100,relu,sigmoid,32,50,0.2,0.001,<keras.callbacks.EarlyStopping object at 0x2b76a2879048>
15,0.00038290259544737637,1.0,1.5380555391311646,0.7605500221252441,1000,650,relu,sigmoid,32,50,0.2,0.001,<keras.callbacks.EarlyStopping object at 0x2b76a2879048>
