round_epochs,loss,auc,val_loss,val_auc,first_neuron,second_neuron,activation,last_activation,batch_size,epochs,dropout,lr,early_stopping
16,0.0007393924170173705,0.9999999403953552,1.403164267539978,0.766499936580658,750,100,relu,sigmoid,32,50,0.2,0.001,<keras.callbacks.EarlyStopping object at 0x2b76a2879048>
13,0.0031177618075162172,0.9999999403953552,1.741512656211853,0.7481499910354614,1000,1000,relu,sigmoid,32,50,0.2,0.001,<keras.callbacks.EarlyStopping object at 0x2b76a2879048>
12,0.0008954962249845266,0.9999999403953552,1.376686692237854,0.7662500143051147,1000,250,relu,sigmoid,32,50,0.2,0.001,<keras.callbacks.EarlyStopping object at 0x2b76a2879048>
11,0.0016564116813242435,0.9999999403953552,1.2817498445510864,0.7692999839782715,750,150,relu,sigmoid,32,50,0.2,0.001,<keras.callbacks.EarlyStopping object at 0x2b76a2879048>
13,0.000606372079346329,1.0,1.65032160282135,0.7463000416755676,1000,650,relu,sigmoid,32,50,0.2,0.001,<keras.callbacks.EarlyStopping object at 0x2b76a2879048>
12,0.0009725234122015536,1.0,1.4094369411468506,0.7674499750137329,750,250,relu,sigmoid,32,50,0.2,0.001,<keras.callbacks.EarlyStopping object at 0x2b76a2879048>
13,0.09730984270572662,0.9932538270950317,1.9202752113342285,0.741100013256073,750,750,relu,sigmoid,32,50,0.2,0.001,<keras.callbacks.EarlyStopping object at 0x2b76a2879048>
12,0.0012469826033338904,0.9999999403953552,1.3211756944656372,0.7733500003814697,500,200,relu,sigmoid,32,50,0.2,0.001,<keras.callbacks.EarlyStopping object at 0x2b76a2879048>
18,0.0003917384601663798,0.9999999403953552,1.6575524806976318,0.7574000358581543,500,500,relu,sigmoid,32,50,0.2,0.001,<keras.callbacks.EarlyStopping object at 0x2b76a2879048>
