round_epochs,loss,auc,val_loss,val_auc,first_neuron,second_neuron,activation,last_activation,batch_size,epochs,dropout,lr,early_stopping
16,0.0006199426716193557,1.0,1.3553193807601929,0.787149965763092,500,300,relu,sigmoid,32,50,0.2,0.001,<keras.callbacks.EarlyStopping object at 0x2b76a2879048>
12,0.07939430326223373,0.9962657690048218,1.5113579034805298,0.7382500171661377,1000,750,relu,sigmoid,32,50,0.2,0.001,<keras.callbacks.EarlyStopping object at 0x2b76a2879048>
22,0.0003342472482472658,1.0,1.3072247505187988,0.7874500155448914,750,100,relu,sigmoid,32,50,0.2,0.001,<keras.callbacks.EarlyStopping object at 0x2b76a2879048>
13,0.000501345144584775,1.0,1.542844533920288,0.7758000493049622,1000,900,relu,sigmoid,32,50,0.2,0.001,<keras.callbacks.EarlyStopping object at 0x2b76a2879048>
12,0.0013972165761515498,1.0,1.2853316068649292,0.7669999599456787,750,300,relu,sigmoid,32,50,0.2,0.001,<keras.callbacks.EarlyStopping object at 0x2b76a2879048>
