round_epochs,loss,auc,val_loss,val_auc,first_neuron,second_neuron,activation,last_activation,batch_size,epochs,dropout,lr,early_stopping
14,0.00039463327266275883,1.0,1.700831651687622,0.748699963092804,750,1000,relu,sigmoid,32,50,0.2,0.001,<keras.callbacks.EarlyStopping object at 0x2b76a2879048>
13,0.00039633820415474474,1.0,1.474086046218872,0.755549967288971,1000,900,relu,sigmoid,32,50,0.2,0.001,<keras.callbacks.EarlyStopping object at 0x2b76a2879048>
13,0.00070605130167678,0.9999999403953552,1.529649257659912,0.7572500109672546,500,650,relu,sigmoid,32,50,0.2,0.001,<keras.callbacks.EarlyStopping object at 0x2b76a2879048>
15,0.08539813756942749,0.9940797686576843,2.0442256927490234,0.7352499961853027,500,500,relu,sigmoid,32,50,0.2,0.001,<keras.callbacks.EarlyStopping object at 0x2b76a2879048>
13,0.007964192889630795,1.0,1.7832359075546265,0.7523499727249146,750,900,relu,sigmoid,32,50,0.2,0.001,<keras.callbacks.EarlyStopping object at 0x2b76a2879048>
12,0.0010774126276373863,1.0,1.3484257459640503,0.7599000334739685,750,150,relu,sigmoid,32,50,0.2,0.001,<keras.callbacks.EarlyStopping object at 0x2b76a2879048>
